id,ho ten,mssv,lop,diem,favoriteColor
id0,ten0,-1.2649110640673518,l0,-1.524001524002286,green
id1,ten1,-0.6324555320336759,l1,0.762000762001143,green
id2,ten2,0.0,l2,0.762000762001143,yellow
id3,ten3,0.6324555320336759,l3,-0.508000508000762,blue
id4,ten4,1.2649110640673518,l4,0.508000508000762,black
